{
    "Language": true,
    "Blog": true,
    "GlobalSetting": true,
    "Currency": true,
    "BasicPayment": true,
    "PaymentGateway": true,
    "MenuBuilder": true,
    "Subscription": true,
    "PageBuilder": true,
    "Customer": true,
    "SupportTicket": true,
    "NewsLetter": true,
    "ContactMessage": true,
    "Order": true,
    "Coupon": true,
    "Refund": false,
    "PaymentWithdraw": true,
    "Testimonial": true,
    "Faq": true,
    "Location": true,
    "InstructorRequest": true,
    "Course": true,
    "CertificateBuilder": true,
    "Badges": true,
    "Frontend": true,
    "Brand": true,
    "SiteAppearance": true,
    "FooterSetting": true,
    "SocialLink": true,
    "ContactSetting": false,
    "Menubuilder": true,
    "Installer": true
}